stopplacecode;quaycode;naam;plaats;straat;rd-x;rd-y;JAAR;Lijn;INSTAP_WERK;INSTAP_ZA;INSTAP_ZO;UITSTAP_WERK;UITSTAP_ZA;UITSTAP_ZO
NL:S:43000510;NL:Q:43000510;Lambertus Buddestraat;Enschede;Lambertus Buddestraat;256176;471675;2019;1;176.0;6.0;3.0;1196.0;60.0;42.0
NL:S:43000510;NL:Q:43000520;Lambertus Buddestraat;Enschede;Lambertus Buddestraat;256164;471625;2019;1;1112.0;73.0;39.0;175.0;4.0;2.0
NL:S:43005570;NL:Q:43005570;Ledeboerpark;Enschede;Hengelosestraat;256290;472416;2019;8;45.0;0.0;0.0;11.0;0.0;0.0
NL:S:43005570;NL:Q:43005570;Ledeboerpark;Enschede;Hengelosestraat;256290;472416;2019;9;994.0;81.0;39.0;520.0;58.0;64.0
NL:S:43005570;NL:Q:43005580;Ledeboerpark;Enschede;Hengelosestraat;256298;472392;2019;8;10.0;0.0;0.0;33.0;0.0;0.0
NL:S:43005570;NL:Q:43005580;Ledeboerpark;Enschede;Hengelosestraat;256298;472392;2019;9;707.0;53.0;6.0;1080.0;57.0;74.0
NL:S:43001340;NL:Q:43001340;Vanekerstraat;Enschede;Vanekerstraat;257624;473723;2019;2;582.0;98.0;43.0;429.0;88.0;42.0
NL:S:43008130;NL:Q:43008130;Dotterbloemstraat;Enschede;Dotterbloemstraat;259322;472395;2019;6;471.0;38.0;9.0;50.0;1.0;0.0
NL:S:43002050;NL:Q:43002050;Ribbeltsweg;Enschede;Ribbeltsweg;258920;471829;;;;;;;;
NL:S:43003220;NL:Q:43003220;Henriette Ronnerlaan;Enschede;Henriette Ronnerlaan;255071;470536;;;;;;;;
NL:S:43003220;NL:Q:43009003;Henriette Ronnerlaan;Enschede;Henriette Ronnerlaan;255172;470606;;;;;;;;
NL:S:39017002;NL:Q:39017002;P1 Jacobsrietweg;Boekelo;Jacobsrietweg;254236;467050;;;;;;;;
NL:S:43170050;NL:Q:43170050;Oude Losserseweg;Losser;Lossersestraat;261126;474776;2019;61;0.0;0.0;0.0;1.0;1.0;1.0
NL:S:43170050;NL:Q:43170060;Oude Losserseweg;Losser;Lossersestraat;260920;474688;2019;61;3.0;0.0;1.0;0.0;0.0;0.0
NL:S:43000240;NL:Q:43000240;Station Kennispark;Enschede;Capitool;254283;473264;2019;1;2372.0;125.0;69.0;3331.0;168.0;12.0
NL:S:43000240;NL:Q:43110190;Station Kennispark;Enschede;Capitool;254301;473179;2019;1;2387.0;28.0;17.0;2646.0;159.0;27.0
NL:S:43001671;NL:Q:43001671;Broekheurnerplein;Enschede;Broekheurnerplein;256908;468847;2019;508;38.0;14.0;0.0;27.0;10.0;0.0
NL:S:44100050;NL:Q:44100050;Helmerstraat;Usselo;Haaksbergerstraat;253636;468691;2019;62;24.0;0.0;0.0;21.0;0.0;0.0
NL:S:44100050;NL:Q:44100060;Helmerstraat;Usselo;Haaksbergerstraat;253617;468660;2019;62;24.0;2.0;1.0;59.0;3.0;3.0
NL:S:44100120;NL:Q:44100120;Badweg;Usselo;Haaksbergerstraat;252535;467493;2019;62;62.0;11.0;6.0;9.0;1.0;0.0
NL:S:44100120;NL:Q:44200010;Badweg;Usselo;Haaksbergerstraat;252418;467430;2019;62;7.0;0.0;0.0;70.0;13.0;3.0
NL:S:43003500;NL:Q:43003500;Hasmanlanden;Enschede;Het Stroink;258008;467892;2019;4;1397.0;102.0;50.0;1528.0;123.0;67.0
NL:S:43003500;NL:Q:43003500;Hasmanlanden;Enschede;Het Stroink;258008;467892;2019;508;2.0;0.0;0.0;4.0;0.0;0.0
NL:S:43002290;NL:Q:43002290;Sportpark;Enschede;Geessinkweg;256381;468580;2019;1;956.0;62.0;49.0;37.0;0.0;1.0
NL:S:43002290;NL:Q:43002300;Sportpark;Enschede;Geessinkweg;256383;468571;2019;1;34.0;0.0;0.0;939.0;66.0;29.0
NL:S:43005710;NL:Q:43005710;Kennispark/UT;Enschede;Hengelosestraat;254944;473221;2019;8;12.0;0.0;0.0;115.0;0.0;0.0
NL:S:43005710;NL:Q:43005710;Kennispark/UT;Enschede;Hengelosestraat;254944;473221;2019;9;2297.0;199.0;61.0;5955.0;199.0;49.0
NL:S:43005710;NL:Q:43110160;Kennispark/UT;Enschede;Hengelosestraat;254922;473239;2019;8;166.0;0.0;0.0;35.0;0.0;0.0
NL:S:43005710;NL:Q:43110160;Kennispark/UT;Enschede;Hengelosestraat;254922;473239;2019;9;4993.0;186.0;35.0;1813.0;125.0;55.0
NL:S:43101500;NL:Q:43101500;Viersprong (Strodorp);Boekelo;Boekelosestraat;253249;469462;;;;;;;;
NL:S:43101500;NL:Q:43101510;Viersprong (Strodorp);Boekelo;Boekelosestraat;253239;469478;;;;;;;;
NL:S:43001630;NL:Q:43001630;Verrijzeniskerk;Enschede;Het Leunenberg;257278;468255;2019;1;15.0;1.0;0.0;1248.0;93.0;59.0
NL:S:43001630;NL:Q:43001660;Verrijzeniskerk;Enschede;Het Leunenberg;257279;468262;2019;1;1485.0;104.0;44.0;23.0;0.0;1.0
NL:S:43003030;NL:Q:43003030;Emmastraat;Enschede;Emmastraat;257205;470987;;;;;;;;
NL:S:43003030;NL:Q:43003040;Emmastraat;Enschede;Emmastraat;257169;470984;;;;;;;;
NL:S:43180090;NL:Q:43180090;Landweerweg;Lonneker;Oldenzaalsestraat;259815;476160;2019;60;6.0;0.0;0.0;9.0;0.0;0.0
NL:S:43180090;NL:Q:43180090;Landweerweg;Lonneker;Oldenzaalsestraat;259815;476160;2019;62;2.0;0.0;0.0;10.0;0.0;0.0
NL:S:43180090;NL:Q:43180100;Landweerweg;Lonneker;Oldenzaalsestraat;259695;475919;2019;60;7.0;0.0;0.0;8.0;0.0;0.0
NL:S:43180090;NL:Q:43180100;Landweerweg;Lonneker;Oldenzaalsestraat;259695;475919;2019;62;6.0;1.0;1.0;3.0;0.0;0.0
NL:S:43010030;NL:Q:43010030;Winterweg;Enschede;Gronausestraat;260806;471091;2019;3;57.0;6.0;3.0;512.0;44.0;26.0
NL:S:43010030;NL:Q:43011040;Winterweg;Enschede;Gronausestraat;260730;471107;2019;3;551.0;56.0;29.0;42.0;5.0;4.0
NL:S:43021830;NL:Q:43021830;Beekwoudehoek;Enschede;Busbaan;255559;467889;2019;2;16.0;0.0;0.0;988.0;117.0;40.0
NL:S:43021830;NL:Q:43021830;Beekwoudehoek;Enschede;Busbaan;255559;467889;2019;8;88.0;0.0;0.0;0.0;0.0;0.0
NL:S:43021830;NL:Q:43021840;Beekwoudehoek;Enschede;Busbaan;255569;467879;2019;2;1162.0;109.0;44.0;20.0;0.0;0.0
NL:S:43021830;NL:Q:43021840;Beekwoudehoek;Enschede;Busbaan;255569;467879;2019;8;17.0;0.0;0.0;35.0;0.0;0.0
NL:S:43001820;NL:Q:43001820;Herikebrink;Enschede;Geessinkweg;256070;467774;2019;2;1237.0;100.0;27.0;133.0;4.0;3.0
NL:S:43001820;NL:Q:43001820;Herikebrink;Enschede;Geessinkweg;256070;467774;2019;8;15.0;0.0;0.0;55.0;0.0;0.0
NL:S:43001820;NL:Q:43021810;Herikebrink;Enschede;Geessinkweg;256062;467781;2019;2;34.0;19.0;6.0;1202.0;78.0;30.0
NL:S:43001820;NL:Q:43021810;Herikebrink;Enschede;Geessinkweg;256062;467781;2019;8;105.0;0.0;0.0;0.0;0.0;0.0
NL:S:44101010;NL:Q:44101010;Rosinkweg;Enschede;Wissinksdijk;253320;469208;;;;;;;;
NL:S:44101010;NL:Q:44101020;Rosinkweg;Enschede;Wissinksdijk;253335;469200;;;;;;;;
NL:S:43000250;NL:Q:43000250;Roombeek;Enschede;Lonnekerspoorlaan;258023;472601;2019;2;133.0;13.0;2.0;2738.0;216.0;60.0
NL:S:43000250;NL:Q:43000250;Roombeek;Enschede;Lonnekerspoorlaan;258023;472601;2019;60;239.0;0.0;0.0;389.0;0.0;0.0
NL:S:43000250;NL:Q:43000250;Roombeek;Enschede;Lonnekerspoorlaan;258023;472601;2019;61;277.0;11.0;6.0;493.0;9.0;5.0
NL:S:43000250;NL:Q:43000250;Roombeek;Enschede;Lonnekerspoorlaan;258023;472601;2019;62;287.0;33.0;12.0;708.0;63.0;32.0
NL:S:43000250;NL:Q:43000260;Roombeek;Enschede;Lonnekerspoorlaan;257972;472528;2019;2;1589.0;127.0;36.0;126.0;10.0;5.0
NL:S:43000250;NL:Q:43000260;Roombeek;Enschede;Lonnekerspoorlaan;257972;472528;2019;60;437.0;0.0;0.0;172.0;0.0;0.0
NL:S:43000250;NL:Q:43000260;Roombeek;Enschede;Lonnekerspoorlaan;257972;472528;2019;61;1094.0;43.0;16.0;253.0;15.0;7.0
NL:S:43000250;NL:Q:43000260;Roombeek;Enschede;Lonnekerspoorlaan;257972;472528;2019;62;864.0;60.0;32.0;366.0;19.0;6.0
NL:S:43000650;NL:Q:43000650;Wkc Twekkelerveld;Enschede;Maanstraat;255447;472288;2019;1;799.0;162.0;69.0;1944.0;261.0;119.0
NL:S:43000650;NL:Q:43000660;Wkc Twekkelerveld;Enschede;Maanstraat;255474;472302;2019;1;1930.0;278.0;103.0;585.0;123.0;76.0
NL:S:43002610;NL:Q:43002610;Brinkstraat;Enschede;Brinkstraat;258786;470363;2019;505;93.0;6.0;0.0;59.0;7.0;0.0
NL:S:43003530;NL:Q:43003530;Tiemeister;Enschede;Knalhutteweg;258016;469341;2019;4;81.0;1.0;3.0;1418.0;34.0;11.0
NL:S:43003530;NL:Q:43003540;Tiemeister;Enschede;Kuipersdijk;258072;469435;2019;4;1525.0;25.0;6.0;73.0;5.0;2.0
NL:S:43100360;NL:Q:43100360;Smaragdstraat;Boekelo;Beckumerstraat;251116;469374;2019;506;0.0;0.0;0.0;23.0;2.0;0.0
NL:S:43100360;NL:Q:43100370;Smaragdstraat;Boekelo;Beckumerstraat;251191;469365;2019;506;6.0;0.0;0.0;0.0;0.0;0.0
NL:S:43006140;NL:Q:43006140;Driesprong;Lonneker;Lossersestraat;259632;473752;2019;61;12.0;5.0;0.0;15.0;1.0;1.0
NL:S:43006140;NL:Q:43170010;Driesprong;Lonneker;Lossersestraat;259707;473845;2019;61;5.0;1.0;1.0;32.0;0.0;3.0
NL:S:43021970;NL:Q:43021970;Graeshoek;Enschede;Boswinkelbeekweg;255364;468564;2019;2;10.0;2.0;0.0;589.0;94.0;28.0
NL:S:43021970;NL:Q:43021970;Graeshoek;Enschede;Boswinkelbeekweg;255364;468564;2019;8;57.0;0.0;0.0;0.0;0.0;0.0
NL:S:43021970;NL:Q:43021980;Graeshoek;Enschede;Boswinkelbeekweg;255354;468558;2019;2;634.0;91.0;27.0;0.0;0.0;0.0
NL:S:43021970;NL:Q:43021980;Graeshoek;Enschede;Boswinkelbeekweg;255354;468558;2019;8;7.0;0.0;0.0;20.0;0.0;0.0
NL:S:43001830;NL:Q:43001830;Rabobank;Enschede;Zuiderval;257677;470132;2019;1;122.0;10.0;1.0;538.0;62.0;12.0
NL:S:43001830;NL:Q:43001830;Rabobank;Enschede;Zuiderval;257677;470132;2019;2;171.0;10.0;6.0;395.0;20.0;9.0
NL:S:43001830;NL:Q:43001830;Rabobank;Enschede;Zuiderval;257677;470132;2019;8;5.0;0.0;0.0;25.0;0.0;0.0
NL:S:43001830;NL:Q:43001840;Rabobank;Enschede;Zuiderval;257673;470229;2019;1;369.0;45.0;7.0;211.0;17.0;11.0
NL:S:43001830;NL:Q:43001840;Rabobank;Enschede;Zuiderval;257673;470229;2019;2;352.0;30.0;6.0;246.0;14.0;8.0
NL:S:43001830;NL:Q:43001840;Rabobank;Enschede;Zuiderval;257673;470229;2019;8;22.0;0.0;0.0;10.0;0.0;0.0
NL:S:43010110;NL:Q:43010110;Oikos;Glanerbrug;Atalantalaan;263187;469802;2019;3;2196.0;145.0;74.0;1977.0;134.0;61.0
NL:S:43100970;NL:Q:43100970;Marssteden;Enschede;Marssteden;253384;470859;2019;7;168.0;0.0;0.0;174.0;0.0;0.0
NL:S:43100970;NL:Q:43100980;Marssteden;Enschede;Marssteden;253385;470868;;;;;;;;
NL:S:43002310;NL:Q:43002310;Mariendaal;Enschede;Geessinkweg;256448;468918;2019;1;630.0;33.0;8.0;14.0;0.0;0.0
NL:S:43002310;NL:Q:43002320;Mariendaal;Enschede;Geessinkweg;256434;468902;2019;1;15.0;1.0;0.0;574.0;37.0;13.0
NL:S:43100800;NL:Q:43100800;Weleweg;Boekelo;Weleweg;251745;469354;2019;506;20.0;1.0;0.0;98.0;3.0;0.0
NL:S:44105030;NL:Q:44105030;Landsteinerlaan;Boekelo;Boekelosestraat;252025;469427;2019;506;3.0;0.0;0.0;60.0;5.0;0.0
NL:S:44105030;NL:Q:44105040;Landsteinerlaan;Boekelo;Boekelosestraat;252009;469415;2019;506;49.0;1.0;0.0;2.0;0.0;0.0
NL:S:43001670;NL:Q:43001670;Broekheurnerborg;Enschede;Rechterveldbrink;256736;468888;2019;508;32.0;11.0;0.0;31.0;11.0;0.0
NL:S:43001950;NL:Q:43001950;Ypelobrink;Enschede;Het Bijvank;256417;468356;2019;1;941.0;71.0;45.0;38.0;2.0;1.0
NL:S:43001950;NL:Q:43001960;Ypelobrink;Enschede;Het Bijvank;256474;468342;2019;1;33.0;0.0;0.0;994.0;84.0;44.0
NL:S:43004170;NL:Q:43004170;Twekkeler Es;Enschede;Twekkeler Es;254281;471138;2019;7;15.0;0.0;0.0;65.0;0.0;0.0
NL:S:43004170;NL:Q:43004170;Twekkeler Es;Enschede;Twekkeler Es;254281;471138;2019;8;21.0;0.0;0.0;2.0;0.0;0.0
NL:S:43004170;NL:Q:43004180;Twekkeler Es;Enschede;Twekkeler Es;254280;471152;2019;7;96.0;0.0;0.0;50.0;0.0;0.0
NL:S:43004170;NL:Q:43004180;Twekkeler Es;Enschede;Twekkeler Es;254280;471152;2019;8;1.0;0.0;0.0;21.0;0.0;0.0
NL:S:43000190;NL:Q:43000190;Wkc Stadsveld;Enschede;Zweringweg;255865;470149;;;;;;;;
NL:S:43000190;NL:Q:43000200;Wkc Stadsveld;Enschede;Zweringweg;255878;470162;;;;;;;;
NL:S:43001640;NL:Q:43001640;Lintveldebrink;Enschede;De Posten;257184;467812;2019;1;592.0;54.0;12.0;4.0;0.0;0.0
NL:S:43001640;NL:Q:43001710;Lintveldebrink;Enschede;De Posten;257241;467871;2019;1;1.0;0.0;1.0;537.0;73.0;21.0
NL:S:43001640;NL:Q:43001710;Lintveldebrink;Enschede;De Posten;257241;467871;2019;508;2.0;1.0;0.0;21.0;8.0;0.0
NL:S:43100070;NL:Q:43100070;Tinsteden;Enschede;Marssteden;252557;470757;;;;;;;;
NL:S:43100070;NL:Q:43100080;Tinsteden;Enschede;Marssteden;252554;470749;2019;7;5.0;0.0;0.0;11.0;0.0;0.0
NL:S:43000150;NL:Q:43000150;B.W. ter Kuilestraat;Enschede;Benjamin Willem Ter Kuilestraat;256577;470151;;;;;;;;
NL:S:43000150;NL:Q:43000160;B.W. ter Kuilestraat;Enschede;Benjamin Willem Ter Kuilestraat;256633;470100;;;;;;;;
NL:S:43004090;NL:Q:43004090;Orion;Enschede;Kanaalstraat;255141;471965;2019;7;0.0;0.0;0.0;3.0;0.0;0.0
NL:S:43004090;NL:Q:43004100;Orion;Enschede;Kanaalstraat;255164;471937;2019;7;1.0;0.0;0.0;8.0;0.0;0.0
NL:S:44100090;NL:Q:44100090;Teesinklanderweg;Usselo;Haaksbergerstraat;253006;467902;2019;62;11.0;1.0;1.0;39.0;2.0;0.0
NL:S:44100090;NL:Q:44100100;Teesinklanderweg;Usselo;Haaksbergerstraat;253143;467992;2019;62;25.0;0.0;0.0;21.0;0.0;0.0
NL:S:43003070;NL:Q:43003070;Pathmossingel;Enschede;Pathmossingel;256583;470969;;;;;;;;
NL:S:43003070;NL:Q:43003080;Pathmossingel;Enschede;Pathmossingel;256588;470936;;;;;;;;
NL:S:43004410;NL:Q:43004410;Transportcentrum;Enschede;Auke Vleerstraat;254099;472294;2019;7;54.0;0.0;0.0;126.0;0.0;0.0
NL:S:43004410;NL:Q:43004410;Transportcentrum;Enschede;Auke Vleerstraat;254099;472294;2019;8;54.0;0.0;0.0;1.0;0.0;0.0
NL:S:43004410;NL:Q:43004420;Transportcentrum;Enschede;Auke Vleerstraat;254103;472195;2019;7;77.0;0.0;0.0;65.0;0.0;0.0
NL:S:43004410;NL:Q:43004420;Transportcentrum;Enschede;Auke Vleerstraat;254103;472195;2019;8;3.0;0.0;0.0;19.0;0.0;0.0
NL:S:43006030;NL:Q:43006030;De Klomp;Enschede;Oldenzaalsestraat;258392;471155;;;;;;;;
NL:S:43006030;NL:Q:43006040;De Klomp;Enschede;Oldenzaalsestraat;258368;471248;;;;;;;;
NL:S:43010370;NL:Q:43010370;Schipholtstraat;Glanerbrug;Schipholtstraat;262817;470092;2019;3;1642.0;126.0;51.0;1865.0;150.0;48.0
NL:S:43003020;NL:Q:43003020;MST Ariensplein;Enschede;Kortenaerstraat;257305;471230;;;;;;;;
NL:S:43003020;NL:Q:43006010;MST Ariensplein;Enschede;Bisschopstraat;257311;471185;;;;;;;;
NL:S:44101030;NL:Q:44101030;Crematorium;Enschede;Usselerveenweg;253697;468271;;;;;;;;
NL:S:43000670;NL:Q:43000670;Olieslagweg;Enschede;Jupiterstraat;255144;472552;2019;1;112.0;10.0;0.0;396.0;48.0;27.0
NL:S:43000670;NL:Q:43000680;Olieslagweg;Enschede;Jupiterstraat;255210;472480;2019;1;371.0;56.0;16.0;51.0;7.0;8.0
NL:S:43004370;NL:Q:43004370;Dr. J. Wagenaarstraat;Enschede;J.J. van Deinselaan;258390;469910;2019;505;551.0;42.0;0.0;11.0;0.0;0.0
NL:S:43004370;NL:Q:43004370;Dr. J. Wagenaarstraat;Enschede;J.J. van Deinselaan;258390;469910;2019;802;0.0;0.0;6.0;0.0;0.0;2.0
NL:S:43110250;NL:Q:43110250;UT/Reelaan;Enschede;Calslaan;255038;474159;2019;1;7.0;1.0;0.0;398.0;63.0;44.0
NL:S:43110250;NL:Q:43110250;UT/Reelaan;Enschede;Calslaan;255038;474159;2019;4816;0.0;0.0;0.0;0.0;0.0;47.0
NL:S:43110250;NL:Q:43110260;UT/Reelaan;Enschede;Calslaan;255032;474153;2019;1;427.0;74.0;15.0;5.0;0.0;1.0
NL:S:43180050;NL:Q:43180050;Scholten Reimerstraat;Lonneker;Oldenzaalsestraat;259332;474758;2019;60;53.0;0.0;0.0;173.0;0.0;0.0
NL:S:43180050;NL:Q:43180050;Scholten Reimerstraat;Lonneker;Oldenzaalsestraat;259332;474758;2019;62;50.0;1.0;7.0;240.0;40.0;8.0
NL:S:43180050;NL:Q:43180060;Scholten Reimerstraat;Lonneker;Oldenzaalsestraat;259339;474681;2019;60;152.0;0.0;0.0;34.0;0.0;0.0
NL:S:43180050;NL:Q:43180060;Scholten Reimerstraat;Lonneker;Oldenzaalsestraat;259339;474681;2019;62;358.0;55.0;11.0;72.0;6.0;0.0
NL:S:43001650;NL:Q:43001650;Hazendijk;Enschede;De Posten;257312;467754;2019;1;20.0;5.0;1.0;404.0;58.0;14.0
NL:S:43003090;NL:Q:43003090;Poolmansweg;Enschede;Elferinksweg;256410;470793;2019;5;44.0;8.0;8.0;1790.0;232.0;149.0
NL:S:43003090;NL:Q:43003100;Poolmansweg;Enschede;Elferinksweg;256437;470807;2019;5;1658.0;217.0;112.0;47.0;8.0;6.0
NL:S:43110070;NL:Q:43110070;De Broeierd;Enschede;Hengelosestraat;254463;473490;2019;8;17.0;0.0;0.0;174.0;0.0;0.0
NL:S:43110070;NL:Q:43110070;De Broeierd;Enschede;Hengelosestraat;254463;473490;2019;9;1271.0;146.0;30.0;2034.0;176.0;88.0
NL:S:43110070;NL:Q:43110080;De Broeierd;Enschede;Hengelosestraat;254381;473544;2019;8;113.0;0.0;0.0;43.0;0.0;0.0
NL:S:43110070;NL:Q:43110080;De Broeierd;Enschede;Hengelosestraat;254381;473544;2019;9;1725.0;194.0;22.0;1257.0;92.0;39.0
NL:S:43002030;NL:Q:43002030;Rozenstraat;Enschede;Oosterstraat;258746;471771;;;;;;;;
NL:S:43002030;NL:Q:43002040;Rozenstraat;Enschede;Oosterstraat;258695;471775;2019;6;0.0;0.0;0.0;9.0;0.0;0.0
NL:S:43002250;NL:Q:43002250;Oosterstraat;Enschede;Oosterstraat;258433;471715;;;;;;;;
NL:S:43002250;NL:Q:43002260;Oosterstraat;Enschede;Oosterstraat;258428;471716;;;;;;;;
NL:S:43005530;NL:Q:43005530;Goolkatenweg;Enschede;Hengelosestraat;256769;472118;2019;8;64.0;0.0;0.0;28.0;0.0;0.0
NL:S:43005530;NL:Q:43005530;Goolkatenweg;Enschede;Hengelosestraat;256769;472118;2019;9;1271.0;65.0;18.0;1131.0;65.0;20.0
NL:S:43005530;NL:Q:43005540;Goolkatenweg;Enschede;Hengelosestraat;256864;472060;2019;8;14.0;0.0;0.0;78.0;0.0;0.0
NL:S:43005530;NL:Q:43005540;Goolkatenweg;Enschede;Hengelosestraat;256864;472060;2019;9;1041.0;68.0;18.0;1349.0;42.0;23.0
NL:S:43004010;NL:Q:43004010;Borstelweg;Enschede;Parkweg;256463;471325;2019;1;241.0;17.0;2.0;340.0;32.0;29.0
NL:S:43004010;NL:Q:43004010;Borstelweg;Enschede;Parkweg;256463;471325;2019;7;6.0;0.0;0.0;17.0;0.0;0.0
NL:S:43004010;NL:Q:43004020;Borstelweg;Enschede;Parkweg;256364;471306;2019;1;215.0;46.0;13.0;183.0;10.0;8.0
NL:S:43004010;NL:Q:43004020;Borstelweg;Enschede;Parkweg;256364;471306;2019;7;21.0;0.0;0.0;46.0;0.0;0.0
NL:S:43004340;NL:Q:43004340;Scansped;Enschede;Kanaalstraat;254806;472298;2019;7;0.0;0.0;0.0;6.0;0.0;0.0
NL:S:43004340;NL:Q:43004350;Scansped;Enschede;Kanaalstraat;254815;472280;2019;7;2.0;0.0;0.0;0.0;0.0;0.0
NL:S:90110201;NL:Q:90110201;Station (calamiteitenhalte Blauwnet);Enschede;Stationsplein;257701;471506;;;;;;;;
NL:S:43008390;NL:Q:43008390;Auke Vleerstraat;Enschede;Auke Vleerstraat;254820;473085;2019;8;15.0;0.0;0.0;38.0;0.0;0.0
NL:S:43008390;NL:Q:43008400;Auke Vleerstraat;Enschede;Auke Vleerstraat;254753;473031;2019;8;25.0;0.0;0.0;21.0;0.0;0.0
NL:S:43180070;NL:Q:43180070;Beukerweg;Lonneker;Oldenzaalsestraat;259445;475211;2019;60;2.0;0.0;0.0;43.0;0.0;0.0
NL:S:43180070;NL:Q:43180070;Beukerweg;Lonneker;Oldenzaalsestraat;259445;475211;2019;62;0.0;0.0;0.0;31.0;18.0;9.0
NL:S:43180070;NL:Q:43180080;Beukerweg;Lonneker;Oldenzaalsestraat;259398;475112;2019;60;30.0;0.0;0.0;5.0;0.0;0.0
NL:S:43180070;NL:Q:43180080;Beukerweg;Lonneker;Oldenzaalsestraat;259398;475112;2019;62;41.0;13.0;6.0;9.0;0.0;0.0
NL:S:43001620;NL:Q:43001620;Het Riet;Enschede;Het Riet;257274;468539;2019;508;1.0;0.0;0.0;13.0;0.0;0.0
NL:S:43001730;NL:Q:43001730;Hertmebrink;Enschede;Broekheurne-ring;256835;468073;2019;2;288.0;35.0;17.0;1196.0;150.0;49.0
NL:S:43001730;NL:Q:43001730;Hertmebrink;Enschede;Broekheurne-ring;256835;468073;2019;8;71.0;0.0;0.0;23.0;0.0;0.0
NL:S:43001730;NL:Q:43001740;Hertmebrink;Enschede;Broekheurne-ring;256833;468049;2019;2;1517.0;178.0;77.0;205.0;34.0;8.0
NL:S:43001730;NL:Q:43001740;Hertmebrink;Enschede;Broekheurne-ring;256833;468049;2019;8;44.0;0.0;0.0;76.0;0.0;0.0
NL:S:43001190;NL:Q:43001190;Deppenbroekstraat;Enschede;Lijsterstraat;258176;473267;2019;2;78.0;13.0;1.0;358.0;46.0;8.0
NL:S:43001550;NL:Q:43001550;Wkc Boswinkel;Enschede;Burgemeester Van Veenlaan;257050;469661;2019;1;508.0;63.0;14.0;2612.0;296.0;138.0
NL:S:43001550;NL:Q:43001560;Wkc Boswinkel;Enschede;Burgemeester Van Veenlaan;257063;469615;2019;1;2523.0;282.0;109.0;391.0;53.0;11.0
NL:S:43009994;NL:Q:43009994;Centrum/Zuidmolen;Enschede;Beltstraat;257905;471101;;;;;;;;
NL:S:43009994;NL:Q:43009995;Centrum/Zuidmolen;Enschede;Beltstraat;257910;471086;;;;;;;;
NL:S:44100540;NL:Q:44100540;Military;Boekelo;Boekelosestraat;252551;469476;;;;;;;;
NL:S:44100540;NL:Q:44100541;Military;Boekelo;Boekelosestraat;252494;469469;;;;;;;;
NL:S:44100510;NL:Q:44100510;Mobiliteitsplein;Boekelo;Boekelosestraat;252242;469460;;;;;;;;
NL:S:44100510;NL:Q:44100520;Mobiliteitsplein;Boekelo;Boekelosestraat;252243;469440;;;;;;;;
NL:S:90110191;NL:Q:90110192;Kennispark (calamiteitenhalte Blauwnet);Enschede;Capitool;254292;473271;;;;;;;;
NL:S:90110191;NL:Q:90110191;Kennispark (calamiteitenhalte Blauwnet);Enschede;Capitool;254307;473176;;;;;;;;
NL:S:43001600;NL:Q:43001600;Het Lang;Enschede;Het Lang;257407;468671;2019;508;8.0;1.0;0.0;7.0;1.0;0.0
NL:S:43003480;NL:Q:43003480;Auskamplanden;Enschede;Het Stroink;258340;467777;2019;4;1132.0;132.0;44.0;974.0;91.0;39.0
NL:S:43003480;NL:Q:43003480;Auskamplanden;Enschede;Het Stroink;258340;467777;2019;508;11.0;0.0;0.0;8.0;1.0;0.0
NL:S:43001490;NL:Q:43001490;Zuid Hollandlaan;Enschede;Burgemeester Van Veenlaan;257038;469356;2019;1;43.0;4.0;2.0;565.0;76.0;31.0
NL:S:43001490;NL:Q:43001500;Zuid Hollandlaan;Enschede;Burgemeester Van Veenlaan;257052;469335;2019;1;713.0;60.0;25.0;55.0;8.0;1.0
NL:S:43006090;NL:Q:43006090;Voortmansweg;Enschede;Oldenzaalsestraat;259113;473189;2019;60;11.0;0.0;0.0;22.0;0.0;0.0
NL:S:43006090;NL:Q:43006090;Voortmansweg;Enschede;Oldenzaalsestraat;259113;473189;2019;61;21.0;3.0;1.0;20.0;0.0;0.0
NL:S:43006090;NL:Q:43006090;Voortmansweg;Enschede;Oldenzaalsestraat;259113;473189;2019;62;10.0;3.0;2.0;34.0;3.0;2.0
NL:S:43006090;NL:Q:43006100;Voortmansweg;Enschede;Oldenzaalsestraat;259068;473151;2019;60;21.0;0.0;0.0;20.0;0.0;0.0
NL:S:43006090;NL:Q:43006100;Voortmansweg;Enschede;Oldenzaalsestraat;259068;473151;2019;61;56.0;1.0;1.0;23.0;1.0;1.0
NL:S:43006090;NL:Q:43006100;Voortmansweg;Enschede;Oldenzaalsestraat;259068;473151;2019;62;48.0;3.0;3.0;57.0;4.0;2.0
NL:S:43000380;NL:Q:43000380;Spechtstraat;Enschede;Doctor Coppestraat;257479;473170;2019;2;1380.0;142.0;44.0;475.0;59.0;17.0
NL:S:43002500;NL:Q:43002500;Bonhoeffer Bruggert;Enschede;Rembrandtlaan;255505;470965;2019;5;959.0;94.0;37.0;1072.0;67.0;54.0
NL:S:43002500;NL:Q:43009001;Bonhoeffer Bruggert;Enschede;Rembrandtlaan;255503;470958;;;;;;;;
NL:S:43005630;NL:Q:43005630;Westerbegraafplaats/UT;Enschede;Hengelosestraat;255306;473008;2019;8;96.0;0.0;0.0;23.0;0.0;0.0
NL:S:43005630;NL:Q:43005630;Westerbegraafplaats/UT;Enschede;Hengelosestraat;255306;473008;2019;9;4341.0;33.0;5.0;4425.0;65.0;21.0
NL:S:43005630;NL:Q:43005640;Westerbegraafplaats/UT;Enschede;Hengelosestraat;255316;472991;2019;8;7.0;0.0;0.0;51.0;0.0;0.0
NL:S:43005630;NL:Q:43005640;Westerbegraafplaats/UT;Enschede;Hengelosestraat;255316;472991;2019;9;4657.0;59.0;10.0;4781.0;33.0;14.0
NL:S:43001470;NL:Q:43001470;Utrechtlaan;Enschede;Wethouder Beversstraat;257531;469773;2019;1;824.0;13.0;2.0;6660.0;68.0;37.0
NL:S:43001470;NL:Q:43001480;Utrechtlaan;Enschede;Wethouder Beversstraat;257532;469758;2019;1;6918.0;84.0;14.0;918.0;7.0;0.0
NL:S:43002130;NL:Q:43002130;Gladiolenstraat;Enschede;Floraparkstraat;259208;472362;2019;6;103.0;15.0;4.0;551.0;73.0;22.0
NL:S:43002130;NL:Q:43002140;Gladiolenstraat;Enschede;Floraparkstraat;259177;472372;2019;6;280.0;33.0;10.0;6.0;4.0;0.0
NL:S:43001360;NL:Q:43001360;P.A. van Deldenstraat;Enschede;Vanekerstraat;257375;473674;2019;2;433.0;52.0;23.0;426.0;49.0;30.0
NL:S:43000031;NL:Q:43000039;Van Heekplein;Enschede;Boulevard 1945;258068;471026;2019;62;1733.0;190.0;40.0;3670.0;862.0;276.0
NL:S:43000031;NL:Q:43000040;Van Heekplein;Enschede;Boulevard 1945;258048;471030;2019;1;2343.0;523.0;106.0;4532.0;787.0;256.0
NL:S:43000031;NL:Q:43000040;Van Heekplein;Enschede;Boulevard 1945;258048;471030;2019;2;1540.0;431.0;44.0;3710.0;1056.0;292.0
NL:S:43000031;NL:Q:43000040;Van Heekplein;Enschede;Boulevard 1945;258048;471030;2019;8;203.0;0.0;0.0;156.0;0.0;0.0
NL:S:43000031;NL:Q:43000045;Van Heekplein;Enschede;Boulevard 1945;258029;471033;2019;1;4416.0;765.0;245.0;2074.0;406.0;124.0
NL:S:43000031;NL:Q:43000045;Van Heekplein;Enschede;Boulevard 1945;258029;471033;2019;3;705.0;94.0;17.0;3670.0;801.0;239.0
NL:S:43000031;NL:Q:43000045;Van Heekplein;Enschede;Boulevard 1945;258029;471033;2019;4;594.0;120.0;39.0;2219.0;479.0;147.0
NL:S:43000031;NL:Q:43000045;Van Heekplein;Enschede;Boulevard 1945;258029;471033;2019;505;78.0;5.0;0.0;230.0;33.0;0.0
NL:S:43000031;NL:Q:43000045;Van Heekplein;Enschede;Boulevard 1945;258029;471033;2019;506;100.0;8.0;0.0;168.0;14.0;0.0
NL:S:43000031;NL:Q:43000045;Van Heekplein;Enschede;Boulevard 1945;258029;471033;2019;6;175.0;23.0;7.0;575.0;146.0;23.0
NL:S:43000031;NL:Q:43000031;Van Heekplein;Enschede;Boulevard 1945;258082;470994;2019;2;3879.0;895.0;214.0;1867.0;362.0;62.0
NL:S:43000031;NL:Q:43000031;Van Heekplein;Enschede;Boulevard 1945;258082;470994;2019;505;225.0;30.0;0.0;38.0;5.0;0.0
NL:S:43000031;NL:Q:43000031;Van Heekplein;Enschede;Boulevard 1945;258082;470994;2019;6;596.0;153.0;23.0;360.0;40.0;30.0
NL:S:43000031;NL:Q:43000031;Van Heekplein;Enschede;Boulevard 1945;258082;470994;2019;8;32.0;0.0;0.0;95.0;0.0;0.0
NL:S:43000031;NL:Q:43000032;Van Heekplein;Enschede;Boulevard 1945;258044;471002;2019;3;3906.0;738.0;237.0;1231.0;109.0;30.0
NL:S:43000031;NL:Q:43000032;Van Heekplein;Enschede;Boulevard 1945;258044;471002;2019;4;2516.0;435.0;130.0;936.0;182.0;43.0
NL:S:43000031;NL:Q:43000032;Van Heekplein;Enschede;Boulevard 1945;258044;471002;2019;802;3.0;0.0;14.0;1.0;0.0;29.0
NL:S:43000031;NL:Q:43000034;Van Heekplein;Enschede;Boulevard 1945;258004;471010;2019;506;110.0;13.0;0.0;10.0;0.0;0.0
NL:S:43000031;NL:Q:43000034;Van Heekplein;Enschede;Boulevard 1945;258004;471010;2019;62;3741.0;693.0;199.0;1000.0;162.0;0.0
NL:S:43007140;NL:Q:43007140;Stevenfennestraat;Enschede;Haaksbergerstraat;256622;469995;2019;62;834.0;98.0;31.0;174.0;37.0;42.0
NL:S:43007140;NL:Q:43007150;Stevenfennestraat;Enschede;Haaksbergerstraat;256636;470024;2019;62;139.0;42.0;16.0;776.0;124.0;38.0
NL:S:43008110;NL:Q:43008110;Wkc 't Ribbelt;Enschede;Ribbelerbrinkstraat;259429;472145;2019;6;353.0;26.0;18.0;250.0;21.0;13.0
NL:S:43000320;NL:Q:43000320;Handellaan;Enschede;Mozartlaan;256915;473530;2019;2;358.0;50.0;15.0;246.0;39.0;15.0
NL:S:43170070;NL:Q:43170070;Landweerweg;Losser;Lossersestraat;261833;475209;2019;61;5.0;0.0;0.0;66.0;3.0;2.0
NL:S:43170070;NL:Q:43170080;Landweerweg;Losser;Lossersestraat;261710;475157;2019;61;49.0;2.0;0.0;1.0;0.0;0.0
NL:S:43100270;NL:Q:43100270;De Loerhazen;Boekelo;Windmolenweg;251701;470294;;;;;;;;
NL:S:43100270;NL:Q:43100280;De Loerhazen;Boekelo;Windmolenweg;251722;470302;;;;;;;;
NL:S:43110230;NL:Q:43110230;UT/Calslaan;Enschede;Calslaan;254628;473676;2019;1;11.0;44.0;18.0;0.0;3.0;2.0
NL:S:43110230;NL:Q:43110230;UT/Calslaan;Enschede;Calslaan;254628;473676;2019;4816;0.0;0.0;8.0;0.0;0.0;0.0
NL:S:43110230;NL:Q:43110240;UT/Calslaan;Enschede;Calslaan;254633;473656;2019;1;1.0;1.0;4.0;49.0;48.0;26.0
NL:S:43110230;NL:Q:43110240;UT/Calslaan;Enschede;Calslaan;254633;473656;2019;4816;0.0;0.0;1.0;0.0;0.0;171.0
NL:S:43180130;NL:Q:43180130;Veendijk;Lonneker;Oldenzaalsestraat;260219;477572;2019;60;1.0;0.0;0.0;11.0;0.0;0.0
NL:S:43180130;NL:Q:43180130;Veendijk;Lonneker;Oldenzaalsestraat;260219;477572;2019;62;6.0;1.0;1.0;10.0;3.0;2.0
NL:S:43180130;NL:Q:43180140;Veendijk;Lonneker;Oldenzaalsestraat;260185;477437;2019;60;5.0;0.0;0.0;5.0;0.0;0.0
NL:S:43180130;NL:Q:43180140;Veendijk;Lonneker;Oldenzaalsestraat;260185;477437;2019;62;12.0;2.0;0.0;4.0;2.0;0.0
NL:S:43003210;NL:Q:43003210;E. de Wittestraat;Enschede;Thomas de Keyserstraat;254930;470505;2019;5;235.0;12.0;8.0;238.0;24.0;11.0
NL:S:43001690;NL:Q:43001690;De Kiepe;Enschede;De Kiepe;257375;468183;2019;1;20.0;1.0;0.0;271.0;25.0;6.0
NL:S:43001690;NL:Q:43001690;De Kiepe;Enschede;De Kiepe;257375;468183;2019;508;0.0;0.0;0.0;1.0;0.0;0.0
NL:S:43001690;NL:Q:43001720;De Kiepe;Enschede;De Kiepe;257389;468190;2019;1;190.0;15.0;9.0;19.0;1.0;0.0
NL:S:43011120;NL:Q:43011120;Zwarteweg;Glanerbrug;Gronausestraat;262854;470931;2019;3;1705.0;166.0;58.0;330.0;15.0;11.0
NL:S:43001810;NL:Q:43001810;Saasveldbrink;Enschede;Vlierstraat;257349;468806;2019;508;0.0;0.0;0.0;1.0;0.0;0.0
NL:S:43008200;NL:Q:43008200;Lindenhof;Enschede;Gronausestraat;260250;471157;2019;3;1421.0;237.0;60.0;455.0;71.0;34.0
NL:S:43008200;NL:Q:43010010;Lindenhof;Enschede;Gronausestraat;260240;471151;2019;3;565.0;81.0;24.0;1560.0;243.0;78.0
NL:S:43003900;NL:Q:43003900;Zenderenbrink;Enschede;Wesselerbrinklaan;256907;468356;2019;508;13.0;5.0;0.0;52.0;15.0;0.0
NL:S:43002630;NL:Q:43002630;J.P. Coenstraat;Enschede;Brinkstraat;258982;470164;2019;505;64.0;7.0;0.0;83.0;5.0;0.0
NL:S:43000630;NL:Q:43000630;Weegschaalstraat;Enschede;G.J. van Heekstraat;255710;472204;2019;1;207.0;11.0;3.0;1510.0;207.0;94.0
NL:S:43000630;NL:Q:43000640;Weegschaalstraat;Enschede;G.J. van Heekstraat;255740;472194;2019;1;1464.0;193.0;91.0;143.0;9.0;4.0
NL:S:43003440;NL:Q:43003440;Hanenberglanden;Enschede;Het Stroink;258826;468037;2019;4;1795.0;175.0;79.0;1460.0;138.0;83.0
NL:S:43003440;NL:Q:43003440;Hanenberglanden;Enschede;Het Stroink;258826;468037;2019;508;10.0;0.0;0.0;6.0;1.0;0.0
NL:S:43100090;NL:Q:43100090;Meester de Wolfstraat;Boekelo;Meester De Wolfstraat;251341;469278;;;;;;;;
NL:S:43010050;NL:Q:43010050;Dolphia;Enschede;Gronausestraat;261528;471019;2019;3;58.0;6.0;2.0;1384.0;145.0;58.0
NL:S:43010050;NL:Q:43011060;Dolphia;Enschede;Gronausestraat;261440;471047;2019;3;1367.0;158.0;39.0;92.0;5.0;1.0
NL:S:43010350;NL:Q:43010350;Eilermarke;Glanerbrug;Heidevlinder;262572;470377;2019;3;1402.0;121.0;44.0;1794.0;183.0;60.0
NL:S:43001450;NL:Q:43001450;Gelderlandstraat;Enschede;Wethouder Beversstraat;257147;469787;2019;1;97.0;20.0;8.0;1347.0;153.0;93.0
NL:S:43001450;NL:Q:43001460;Gelderlandstraat;Enschede;Wethouder Beversstraat;257150;469774;2019;1;1511.0;181.0;86.0;102.0;14.0;3.0
NL:S:43000340;NL:Q:43000340;Slagman;Enschede;Mozartlaan;256985;473134;2019;2;343.0;20.0;9.0;239.0;28.0;15.0
NL:S:43000711;NL:Q:43000711;Capitool;Enschede;Capitool;254603;473002;2019;1;32.0;0.0;0.0;399.0;4.0;1.0
NL:S:43000711;NL:Q:43000720;Capitool;Enschede;Capitool;254548;473022;2019;1;336.0;4.0;3.0;77.0;4.0;2.0
NL:S:43001900;NL:Q:43001900;De Posten;Enschede;De Posten;257131;467522;2019;1;2237.0;148.0;56.0;2014.0;134.0;50.0
NL:S:43100120;NL:Q:43100120;Ganzebosweg;Boekelo;Beckumerstraat;250693;469540;;;;;;;;
NL:S:43006980;NL:Q:43006980;Veldkampstraat;Enschede;Haaksbergerstraat;257362;470542;2019;62;317.0;43.0;239.0;573.0;35.0;230.0
NL:S:43006980;NL:Q:43006990;Veldkampstraat;Enschede;Haaksbergerstraat;257412;470565;2019;62;454.0;24.0;11.0;268.0;26.0;36.0
NL:S:43008030;NL:Q:43008030;Floraparkstraat;Enschede;Floraparkstraat;259518;472605;2019;6;160.0;13.0;2.0;202.0;35.0;4.0
NL:S:43100600;NL:Q:43100600;De Blekerij;Boekelo;Boekelosestraat;251617;469374;2019;506;187.0;4.0;0.0;0.0;0.0;0.0
NL:S:43002110;NL:Q:43002110;Hyacintstraat;Enschede;Minkmaatstraat;259038;472492;2019;6;15.0;1.0;0.0;132.0;5.0;4.0
NL:S:43002110;NL:Q:43002120;Hyacintstraat;Enschede;Minkmaatstraat;258893;472387;2019;6;300.0;33.0;12.0;12.0;4.0;0.0
NL:S:43180030;NL:Q:43180030;Dorpsstraat;Lonneker;Oldenzaalsestraat;259425;474363;2019;60;4.0;0.0;0.0;74.0;0.0;0.0
NL:S:43180030;NL:Q:43180030;Dorpsstraat;Lonneker;Oldenzaalsestraat;259425;474363;2019;62;8.0;6.0;0.0;80.0;14.0;15.0
NL:S:43180030;NL:Q:43180040;Dorpsstraat;Lonneker;Oldenzaalsestraat;259445;474213;2019;60;12.0;0.0;0.0;3.0;0.0;0.0
NL:S:43180030;NL:Q:43180040;Dorpsstraat;Lonneker;Oldenzaalsestraat;259445;474213;2019;62;42.0;7.0;4.0;8.0;3.0;0.0
NL:S:43010330;NL:Q:43010330;Ekersdijk;Glanerbrug;Heidevlinder;262612;470851;2019;3;357.0;43.0;2.0;1849.0;209.0;89.0
NL:S:43001180;NL:Q:43001180;Waalstraat;Enschede;Waalstraat;258073;473633;2019;2;1322.0;153.0;58.0;1149.0;138.0;80.0
NL:S:43000350;NL:Q:43000350;Stroinksbleekweg;Enschede;Hulsmaatstraat;257980;472944;2019;2;31.0;2.0;0.0;1200.0;94.0;41.0
NL:S:43000350;NL:Q:43000360;Stroinksbleekweg;Enschede;Hulsmaatstraat;257979;472941;2019;2;1213.0;134.0;35.0;13.0;2.0;2.0
NL:S:43005590;NL:Q:43005590;Uranusstraat;Enschede;Hengelosestraat;255693;472770;2019;8;19.0;0.0;0.0;23.0;0.0;0.0
NL:S:43005590;NL:Q:43005590;Uranusstraat;Enschede;Hengelosestraat;255693;472770;2019;9;860.0;63.0;21.0;1035.0;52.0;42.0
NL:S:43005590;NL:Q:43005600;Uranusstraat;Enschede;Hengelosestraat;255774;472699;2019;8;16.0;0.0;0.0;23.0;0.0;0.0
NL:S:43005590;NL:Q:43005600;Uranusstraat;Enschede;Hengelosestraat;255774;472699;2019;9;1059.0;48.0;13.0;906.0;64.0;49.0
NL:S:43110140;NL:Q:43110140;UT/Hoofdingang;Enschede;Drienerbeeklaan;254895;473376;2019;1;571.0;0.0;0.0;31.0;0.0;0.0
NL:S:43110140;NL:Q:43110140;UT/Hoofdingang;Enschede;Drienerbeeklaan;254895;473376;2019;8;6.0;0.0;0.0;106.0;0.0;0.0
NL:S:43110140;NL:Q:43110150;UT/Hoofdingang;Enschede;Drienerbeeklaan;254896;473393;2019;1;27.0;0.0;0.0;294.0;0.0;0.0
NL:S:43110140;NL:Q:43110150;UT/Hoofdingang;Enschede;Drienerbeeklaan;254896;473393;2019;8;74.0;0.0;0.0;33.0;0.0;0.0
NL:S:44100530;NL:Q:44100530;P4 Kwinkelerweg;Boekelo;Kwinkelerweg;250877;470255;;;;;;;;
NL:S:43002530;NL:Q:43002530;Bankastraat;Enschede;Kuipersdijk;258109;470383;2019;4;134.0;18.0;12.0;681.0;47.0;44.0
NL:S:43002530;NL:Q:43002540;Bankastraat;Enschede;Kuipersdijk;258117;470453;2019;4;555.0;21.0;15.0;107.0;5.0;5.0
NL:S:43003700;NL:Q:43003700;Verzorgingshuis De Posten;Enschede;De Posten;257192;467723;2019;508;18.0;8.0;0.0;10.0;6.0;0.0
NL:S:43001210;NL:Q:43001210;Het Voortman;Enschede;Voortsweg;258384;473259;2019;2;149.0;31.0;19.0;290.0;59.0;22.0
NL:S:43003620;NL:Q:43003620;Vrielinklanden;Enschede;Vrielinklanden;258726;468708;2019;4;1178.0;127.0;29.0;891.0;94.0;31.0
NL:S:44200050;NL:Q:44200050;Rutbeekweg;Usselo;Haaksbergerstraat;251603;466883;2019;62;4.0;3.0;0.0;51.0;10.0;4.0
NL:S:44200050;NL:Q:44200060;Rutbeekweg;Usselo;Haaksbergerstraat;251711;466949;2019;62;43.0;11.0;4.0;2.0;0.0;0.0
NL:S:43000220;NL:Q:43000220;Deurningerstraat;Enschede;Deurningerstraat;257759;472153;2019;2;249.0;22.0;10.0;81.0;12.0;1.0
NL:S:43000220;NL:Q:43000220;Deurningerstraat;Enschede;Deurningerstraat;257759;472153;2019;60;59.0;0.0;0.0;46.0;0.0;0.0
NL:S:43000220;NL:Q:43000220;Deurningerstraat;Enschede;Deurningerstraat;257759;472153;2019;61;123.0;2.0;2.0;97.0;10.0;9.0
NL:S:43000220;NL:Q:43000220;Deurningerstraat;Enschede;Deurningerstraat;257759;472153;2019;62;516.0;11.0;0.0;125.0;15.0;8.0
NL:S:43000220;NL:Q:43000230;Deurningerstraat;Enschede;Deurningerstraat;257732;472092;2019;2;67.0;24.0;1.0;343.0;53.0;16.0
NL:S:43000220;NL:Q:43000230;Deurningerstraat;Enschede;Deurningerstraat;257732;472092;2019;60;41.0;0.0;0.0;20.0;0.0;0.0
NL:S:43000220;NL:Q:43000230;Deurningerstraat;Enschede;Deurningerstraat;257732;472092;2019;61;75.0;3.0;7.0;561.0;4.0;0.0
NL:S:43000220;NL:Q:43000230;Deurningerstraat;Enschede;Deurningerstraat;257732;472092;2019;62;102.0;16.0;5.0;66.0;11.0;5.0
NL:S:43002570;NL:Q:43002570;Madioenstraat;Enschede;Hendrik Smeltweg;258432;470207;2019;505;72.0;11.0;0.0;75.0;7.0;0.0
NL:S:43008090;NL:Q:43008090;Hoge Boekelerweg;Enschede;Hoge Boekelerweg;259768;472212;2019;6;304.0;39.0;19.0;239.0;24.0;22.0
NL:S:43110120;NL:Q:43110120;UT/Drienerbeeklaan;Enschede;Drienerbeeklaan;254539;473541;2019;1;249.0;29.0;27.0;311.0;3.0;1.0
NL:S:43110120;NL:Q:43110120;UT/Drienerbeeklaan;Enschede;Drienerbeeklaan;254539;473541;2019;4816;0.0;0.0;2.0;0.0;0.0;0.0
NL:S:43110120;NL:Q:43110120;UT/Drienerbeeklaan;Enschede;Drienerbeeklaan;254539;473541;2019;8;4.0;0.0;0.0;27.0;0.0;0.0
NL:S:43110120;NL:Q:43110130;UT/Drienerbeeklaan;Enschede;Drienerbeeklaan;254542;473539;2019;1;102.0;3.0;3.0;292.0;51.0;34.0
NL:S:43110120;NL:Q:43110130;UT/Drienerbeeklaan;Enschede;Drienerbeeklaan;254542;473539;2019;4816;0.0;0.0;2.0;0.0;0.0;91.0
NL:S:43110120;NL:Q:43110130;UT/Drienerbeeklaan;Enschede;Drienerbeeklaan;254542;473539;2019;8;34.0;0.0;0.0;36.0;0.0;0.0
NL:S:43000370;NL:Q:43000370;Buizerdstraat;Enschede;Buizerdstraat;257970;473201;2019;2;259.0;26.0;6.0;1381.0;131.0;52.0
NL:S:43003250;NL:Q:43003250;Fre Cohenlaan;Enschede;Henriette Ronnerlaan;255139;470337;2019;5;365.0;54.0;17.0;312.0;57.0;19.0
NL:S:43003250;NL:Q:43003260;Fre Cohenlaan;Enschede;Henriette Ronnerlaan;255135;470348;;;;;;;;
NL:S:43021850;NL:Q:43021850;Honinglohoek;Enschede;Busbaan;255360;468094;2019;2;7.0;2.0;1.0;1584.0;212.0;78.0
NL:S:43021850;NL:Q:43021850;Honinglohoek;Enschede;Busbaan;255360;468094;2019;8;172.0;0.0;0.0;1.0;0.0;0.0
NL:S:43021850;NL:Q:43021860;Honinglohoek;Enschede;Busbaan;255364;468077;2019;2;1623.0;222.0;73.0;34.0;0.0;2.0
NL:S:43021850;NL:Q:43021860;Honinglohoek;Enschede;Busbaan;255364;468077;2019;8;33.0;0.0;0.0;93.0;0.0;0.0
NL:S:43000130;NL:Q:43000130;Spinnerplein;Enschede;Haaksbergerstraat;256808;470141;2019;62;291.0;20.0;12.0;645.0;90.0;8.0
NL:S:43000130;NL:Q:43000140;Spinnerplein;Enschede;Haaksbergerstraat;256880;470180;2019;62;703.0;87.0;26.0;235.0;8.0;13.0
NL:S:43000270;NL:Q:43000270;Hulsmaatstraat;Enschede;Lonnekerspoorlaan;258172;472861;2019;2;80.0;6.0;3.0;964.0;116.0;30.0
NL:S:43000270;NL:Q:43000270;Hulsmaatstraat;Enschede;Lonnekerspoorlaan;258172;472861;2019;60;212.0;0.0;0.0;276.0;0.0;0.0
NL:S:43000270;NL:Q:43000270;Hulsmaatstraat;Enschede;Lonnekerspoorlaan;258172;472861;2019;61;282.0;9.0;9.0;315.0;11.0;3.0
NL:S:43000270;NL:Q:43000270;Hulsmaatstraat;Enschede;Lonnekerspoorlaan;258172;472861;2019;62;229.0;30.0;13.0;339.0;44.0;22.0
NL:S:43000270;NL:Q:43000280;Hulsmaatstraat;Enschede;Lonnekerspoorlaan;258154;472855;2019;2;1038.0;120.0;23.0;113.0;6.0;2.0
NL:S:43000270;NL:Q:43000280;Hulsmaatstraat;Enschede;Lonnekerspoorlaan;258154;472855;2019;60;287.0;0.0;0.0;149.0;0.0;0.0
NL:S:43000270;NL:Q:43000280;Hulsmaatstraat;Enschede;Lonnekerspoorlaan;258154;472855;2019;61;690.0;25.0;13.0;343.0;12.0;9.0
NL:S:43000270;NL:Q:43000280;Hulsmaatstraat;Enschede;Lonnekerspoorlaan;258154;472855;2019;62;478.0;47.0;14.0;440.0;23.0;14.0
NL:S:43001750;NL:Q:43001750;Wkc Het Bijvank;Enschede;Het Bijvank;256889;468537;2019;1;414.0;33.0;17.0;9.0;0.0;0.0
NL:S:43001750;NL:Q:43001760;Wkc Het Bijvank;Enschede;Het Bijvank;256893;468515;2019;1;47.0;4.0;1.0;391.0;42.0;16.0
NL:S:43005440;NL:Q:43005440;Schuttersveld;Enschede;Hengelosestraat;257067;471927;2019;8;12.0;0.0;0.0;83.0;0.0;0.0
NL:S:43005440;NL:Q:43005440;Schuttersveld;Enschede;Hengelosestraat;257067;471927;2019;9;644.0;43.0;3.0;1002.0;74.0;14.0
NL:S:43005440;NL:Q:43005450;Schuttersveld;Enschede;Hengelosestraat;257247;471830;2019;8;68.0;0.0;0.0;30.0;0.0;0.0
NL:S:43005440;NL:Q:43005450;Schuttersveld;Enschede;Hengelosestraat;257247;471830;2019;9;709.0;55.0;18.0;616.0;32.0;4.0
NL:S:43022000;NL:Q:43022000;Disselhoek;Enschede;Disselhoek;255378;468921;2019;2;803.0;85.0;17.0;642.0;66.0;22.0
NL:S:43170030;NL:Q:43170030;Lonnekermolenweg;Losser;Lossersestraat;260525;474524;2019;61;2.0;0.0;0.0;7.0;13.0;0.0
NL:S:43170030;NL:Q:43170040;Lonnekermolenweg;Losser;Lossersestraat;260240;474426;2019;61;5.0;19.0;0.0;4.0;5.0;1.0
NL:S:43100310;NL:Q:43100310;De Plooij;Boekelo;Windmolenweg;251633;469758;;;;;;;;
NL:S:43100310;NL:Q:43100320;De Plooij;Boekelo;Windmolenweg;251645;469725;;;;;;;;
NL:S:44100030;NL:Q:44100030;Kerk;Usselo;Haaksbergerstraat;253778;469156;2019;62;102.0;10.0;7.0;139.0;11.0;7.0
NL:S:44100030;NL:Q:44100040;Kerk;Usselo;Haaksbergerstraat;253806;469221;2019;62;95.0;18.0;5.0;149.0;6.0;7.0
NL:S:43000170;NL:Q:43000170;Wicher Nijkampstraat;Enschede;Vlasstraat;256252;470071;;;;;;;;
NL:S:43000170;NL:Q:43000180;Wicher Nijkampstraat;Enschede;Wicher Nijkampstraat;256255;470062;;;;;;;;
NL:S:43022010;NL:Q:43022010;Dubbelinckhoek;Enschede;Dubbelinckhoek;255499;468678;2019;2;8.0;0.0;0.0;763.0;75.0;30.0
NL:S:43022010;NL:Q:43022010;Dubbelinckhoek;Enschede;Dubbelinckhoek;255499;468678;2019;8;91.0;0.0;0.0;19.0;0.0;0.0
NL:S:43022010;NL:Q:43022020;Dubbelinckhoek;Enschede;Dubbelinckhoek;255475;468662;2019;2;769.0;81.0;30.0;2.0;1.0;1.0
NL:S:43022010;NL:Q:43022020;Dubbelinckhoek;Enschede;Dubbelinckhoek;255475;468662;2019;8;32.0;0.0;0.0;55.0;0.0;0.0
NL:S:43110270;NL:Q:43110270;UT/Langenkampweg;Enschede;Witbreuksweg;254964;474525;2019;1;1235.0;281.0;75.0;780.0;189.0;98.0
NL:S:43110270;NL:Q:43110270;UT/Langenkampweg;Enschede;Witbreuksweg;254964;474525;2019;4816;0.0;0.0;12.0;0.0;0.0;272.0
NL:S:43110280;NL:Q:43110280;UT/Sportcentrum;Enschede;Campuslaan;254825;473779;2019;1;40.0;0.0;0.0;4.0;0.0;0.0
NL:S:43001570;NL:Q:43001570;Tuindorp Broekheurne;Enschede;Burgemeester Van Veenlaan;256992;468972;2019;1;25.0;33.0;0.0;1473.0;176.0;82.0
NL:S:43001570;NL:Q:43001580;Tuindorp Broekheurne;Enschede;Burgemeester Van Veenlaan;257025;469033;2019;1;1474.0;157.0;47.0;56.0;3.0;0.0
NL:S:43006160;NL:Q:43006160;Kotkampweg;Enschede;Potsweg;258700;472858;2019;60;72.0;0.0;0.0;218.0;0.0;0.0
NL:S:43006160;NL:Q:43006160;Kotkampweg;Enschede;Potsweg;258700;472858;2019;61;202.0;31.0;7.0;227.0;15.0;9.0
NL:S:43006160;NL:Q:43006160;Kotkampweg;Enschede;Potsweg;258700;472858;2019;62;187.0;16.0;10.0;294.0;27.0;6.0
NL:S:43006160;NL:Q:43006170;Kotkampweg;Enschede;Oldenzaalsestraat;258811;472836;2019;60;247.0;0.0;0.0;225.0;0.0;0.0
NL:S:43006160;NL:Q:43006170;Kotkampweg;Enschede;Oldenzaalsestraat;258811;472836;2019;61;199.0;13.0;9.0;190.0;14.0;9.0
NL:S:43006160;NL:Q:43006170;Kotkampweg;Enschede;Oldenzaalsestraat;258811;472836;2019;62;235.0;31.0;9.0;206.0;28.0;18.0
NL:S:43007180;NL:Q:43007180;Borgbos;Enschede;Haaksbergerstraat;255588;469602;2019;62;260.0;33.0;6.0;164.0;15.0;20.0
NL:S:43007180;NL:Q:43007190;Borgbos;Enschede;Haaksbergerstraat;255715;469629;2019;62;178.0;14.0;18.0;302.0;27.0;5.0
NL:S:43000010;NL:Q:43001002;Centraal Station;Enschede;NB;257695;471504;;;;;;;;
NL:S:43000010;NL:Q:43000020;Centraal Station;Enschede;Stationsplein;257667;471437;2019;505;427.0;32.0;0.0;20.0;0.0;0.0
NL:S:43000010;NL:Q:43000020;Centraal Station;Enschede;Stationsplein;257667;471437;2019;61;12515.0;814.0;340.0;253.0;0.0;0.0
NL:S:43000010;NL:Q:43000014;Centraal Station;Enschede;Stationsplein;257661;471470;2019;2;12678.0;932.0;438.0;9541.0;931.0;347.0
NL:S:43000010;NL:Q:43000014;Centraal Station;Enschede;Stationsplein;257661;471470;2019;8;118.0;0.0;0.0;2189.0;0.0;0.0
NL:S:43000010;NL:Q:43001000;Centraal Station;Enschede;Stationsplein;257669;471428;2019;60;8555.0;0.0;0.0;36.0;0.0;0.0
NL:S:43000010;NL:Q:43001000;Centraal Station;Enschede;Stationsplein;257669;471428;2019;62;8954.0;692.0;278.0;12883.0;843.0;507.0
NL:S:43000010;NL:Q:43000015;Centraal Station;Enschede;NB;257662;471464;2019;3;14590.0;958.0;611.0;56.0;16.0;1.0
NL:S:43000010;NL:Q:43000015;Centraal Station;Enschede;NB;257662;471464;2019;9;126.0;6.0;0.0;22229.0;1176.0;297.0
NL:S:43000010;NL:Q:43001001;Centraal Station;Enschede;Stationsplein;257630;471490;2019;505;1.0;0.0;0.0;812.0;50.0;0.0
NL:S:43000010;NL:Q:43001001;Centraal Station;Enschede;Stationsplein;257630;471490;2019;506;3.0;0.0;0.0;330.0;12.0;0.0
NL:S:43000010;NL:Q:43001001;Centraal Station;Enschede;Stationsplein;257630;471490;2019;61;67.0;0.0;0.0;13168.0;871.0;339.0
NL:S:43000010;NL:Q:43000016;Centraal Station;Enschede;Boddenkamp;257663;471459;2019;4;11055.0;659.0;358.0;43.0;7.0;3.0
NL:S:43000010;NL:Q:43000016;Centraal Station;Enschede;Boddenkamp;257663;471459;2019;5;0.0;0.0;0.0;8407.0;865.0;351.0
NL:S:43000010;NL:Q:43000016;Centraal Station;Enschede;Boddenkamp;257663;471459;2019;7;820.0;0.0;0.0;681.0;0.0;0.0
NL:S:43000010;NL:Q:43000017;Centraal Station;Enschede;Stationsplein;257664;471453;2019;4;44.0;5.0;0.0;10455.0;529.0;260.0
NL:S:43000010;NL:Q:43000017;Centraal Station;Enschede;Stationsplein;257664;471453;2019;5;8386.0;902.0;562.0;41.0;10.0;1.0
NL:S:43000010;NL:Q:43000010;Centraal Station;Enschede;Stationsplein;257628;471481;2019;1;10781.0;1028.0;692.0;16375.0;818.0;315.0
NL:S:43000010;NL:Q:43000018;Centraal Station;Enschede;Stationsplein;257665;471448;2019;2;10571.0;1037.0;531.0;12245.0;839.0;316.0
NL:S:43000010;NL:Q:43000018;Centraal Station;Enschede;Stationsplein;257665;471448;2019;506;288.0;8.0;0.0;0.0;0.0;0.0
NL:S:43000010;NL:Q:43000011;Centraal Station;Enschede;Stationsplein;257629;471475;2019;3;3.0;0.0;1.0;14074.0;874.0;383.0
NL:S:43000010;NL:Q:43000011;Centraal Station;Enschede;Stationsplein;257629;471475;2019;8;1355.0;0.0;0.0;419.0;0.0;0.0
NL:S:43000010;NL:Q:43000011;Centraal Station;Enschede;Stationsplein;257629;471475;2019;9;20185.0;1074.0;392.0;86.0;4.0;0.0
NL:S:43000010;NL:Q:43000019;Centraal Station;Enschede;Stationsplein;257666;471442;2019;60;0.0;0.0;0.0;6797.0;0.0;0.0
NL:S:43000010;NL:Q:43000019;Centraal Station;Enschede;Stationsplein;257666;471442;2019;62;14066.0;991.0;482.0;11043.0;753.0;332.0
NL:S:43000010;NL:Q:43000012;Centraal Station;Enschede;Stationsplein;257660;471476;2019;1;16326.0;852.0;476.0;10480.0;1102.0;492.0
NL:S:43000010;NL:Q:43000012;Centraal Station;Enschede;Stationsplein;257660;471476;2019;6;2729.0;218.0;125.0;2829.0;218.0;88.0
NL:S:43003110;NL:Q:43003110;Lindestraat;Enschede;Elferinksweg;256195;470661;2019;5;2.0;0.0;0.0;457.0;48.0;27.0
NL:S:43003110;NL:Q:43003120;Lindestraat;Enschede;Elferinksweg;256204;470672;2019;5;500.0;52.0;16.0;6.0;0.0;0.0
NL:S:43003270;NL:Q:43003270;Ferdinand Bolstraat;Enschede;Ferdinand Bolstraat;255596;470138;;;;;;;;
NL:S:43003270;NL:Q:43003280;Ferdinand Bolstraat;Enschede;Ferdinand Bolstraat;255583;470145;2019;5;636.0;46.0;14.0;283.0;30.0;10.0
NL:S:43002790;NL:Q:43002790;Rembrandtlaan;Enschede;Rembrandtlaan;255645;470688;2019;5;104.0;13.0;3.0;291.0;39.0;40.0
NL:S:43002790;NL:Q:43009002;Rembrandtlaan;Enschede;Rembrandtlaan;255638;470677;;;;;;;;
NL:S:43001890;NL:Q:43001890;Haarlebrink;Enschede;De Kiepe;257545;468502;;;;;;;;
NL:S:43002090;NL:Q:43002090;Asterstraat;Enschede;Asterstraat;258867;472331;2019;6;27.0;5.0;0.0;261.0;45.0;12.0
NL:S:43002090;NL:Q:43002100;Asterstraat;Enschede;Asterstraat;258850;472257;2019;6;145.0;41.0;9.0;5.0;0.0;0.0
NL:S:43003180;NL:Q:43003180;Bruggertstraat;Enschede;Bruggertstraat;254983;470781;2019;5;181.0;0.0;5.0;219.0;4.0;5.0
NL:S:43101010;NL:Q:43101010;Kopersteden;Enschede;Marssteden;253064;470810;2019;7;1.0;0.0;0.0;3.0;0.0;0.0
NL:S:43101010;NL:Q:43101020;Kopersteden;Enschede;Marssteden;253076;470828;;;;;;;;
NL:S:43110210;NL:Q:43110210;UT/De Hems;Enschede;Calslaan;254843;473862;2019;1;53.0;8.0;1.0;2358.0;362.0;194.0
NL:S:43110210;NL:Q:43110210;UT/De Hems;Enschede;Calslaan;254843;473862;2019;4816;0.0;0.0;1.0;0.0;0.0;293.0
NL:S:43110210;NL:Q:43110211;UT/De Hems;Enschede;Calslaan;254888;473956;2019;1;2574.0;372.0;166.0;27.0;4.0;1.0
NL:S:43110210;NL:Q:43110211;UT/De Hems;Enschede;Calslaan;254888;473956;2019;4816;0.0;0.0;16.0;0.0;0.0;0.0
NL:S:43008410;NL:Q:43008410;Usselerrondweg;Enschede;Usselerrondweg;254882;470028;2019;8;16.0;0.0;0.0;3.0;0.0;0.0
NL:S:43008410;NL:Q:43008420;Usselerrondweg;Enschede;Usselerrondweg;254850;470045;2019;8;5.0;0.0;0.0;10.0;0.0;0.0
NL:S:43004550;NL:Q:43004550;Olympialaan;Enschede;J.J. van Deinselaan;258946;469976;2019;505;108.0;4.0;0.0;67.0;3.0;0.0
NL:S:43007160;NL:Q:43007160;Dr. v.d. Zandestraat;Enschede;Haaksbergerstraat;256075;469728;2019;62;1033.0;137.0;41.0;270.0;34.0;27.0
NL:S:43007160;NL:Q:43007170;Dr. v.d. Zandestraat;Enschede;Haaksbergerstraat;256090;469745;2019;62;290.0;44.0;16.0;1157.0;140.0;66.0
NL:S:43000490;NL:Q:43000490;G.J. van Heekstraat;Enschede;Lambertus Buddestraat;256202;471997;2019;1;66.0;2.0;3.0;385.0;42.0;26.0
NL:S:43001310;NL:Q:43001310;Wkc Deppenbroek;Enschede;Waalstraat;257833;473585;2019;2;1114.0;146.0;61.0;1159.0;137.0;79.0
NL:S:43002820;NL:Q:43002820;De Hatteler;Enschede;Gerard Terborghstraat;255477;470585;;;;;;;;
NL:S:43002820;NL:Q:43002830;De Hatteler;Enschede;Gerard Terborghstraat;255537;470619;2019;5;299.0;40.0;7.0;561.0;61.0;16.0
NL:S:43010070;NL:Q:43010070;Esmarkelaan;Enschede;Gronausestraat;261920;470988;2019;3;99.0;8.0;0.0;1383.0;90.0;45.0
NL:S:43010070;NL:Q:43011080;Esmarkelaan;Enschede;Gronausestraat;261825;471006;2019;3;1474.0;137.0;51.0;107.0;9.0;4.0
NL:S:43002860;NL:Q:43002860;Zuivelstraat;Enschede;Elferinksweg;255968;470575;2019;5;2143.0;269.0;89.0;7.0;0.0;0.0
NL:S:43002860;NL:Q:43002870;Zuivelstraat;Enschede;Elferinksweg;255932;470562;2019;5;34.0;10.0;4.0;1652.0;259.0;153.0
NL:S:43004050;NL:Q:43004050;Lonnekerbrugstraat;Enschede;Kanaalstraat;255572;471656;2019;7;1.0;0.0;0.0;22.0;0.0;0.0
NL:S:43004050;NL:Q:43004060;Lonnekerbrugstraat;Enschede;Handelskade Noord;255567;471655;2019;7;25.0;0.0;0.0;0.0;0.0;0.0
NL:S:43000610;NL:Q:43000610;Toekomststraat;Enschede;G.J. van Heekstraat;256062;472109;2019;1;129.0;16.0;2.0;532.0;88.0;88.0
NL:S:43000610;NL:Q:43000620;Toekomststraat;Enschede;G.J. van Heekstraat;256123;472100;2019;1;930.0;162.0;73.0;150.0;11.0;11.0
NL:S:43001770;NL:Q:43001770;Vlierstraat;Enschede;Buurserstraat;257828;468649;2019;2;45.0;0.0;2.0;989.0;78.0;25.0
NL:S:43001770;NL:Q:43001770;Vlierstraat;Enschede;Buurserstraat;257828;468649;2019;8;26.0;0.0;0.0;18.0;0.0;0.0
NL:S:43001770;NL:Q:43001780;Vlierstraat;Enschede;Zuiderval;257848;468733;2019;2;916.0;81.0;27.0;49.0;5.0;6.0
NL:S:43001770;NL:Q:43001780;Vlierstraat;Enschede;Zuiderval;257848;468733;2019;8;30.0;0.0;0.0;5.0;0.0;0.0
NL:S:43003460;NL:Q:43003460;Hesselinklanden;Enschede;Het Stroink;258562;467907;2019;4;1261.0;144.0;59.0;911.0;118.0;37.0
NL:S:43003460;NL:Q:43003460;Hesselinklanden;Enschede;Het Stroink;258562;467907;2019;508;14.0;0.0;0.0;22.0;1.0;0.0
NL:S:43003600;NL:Q:43003600;Bekmanlanden;Enschede;Het Stroink;258872;468369;2019;4;474.0;40.0;13.0;300.0;22.0;18.0
NL:S:43003600;NL:Q:43003600;Bekmanlanden;Enschede;Het Stroink;258872;468369;2019;508;86.0;26.0;0.0;4.0;0.0;0.0
NL:S:43001110;NL:Q:43001110;Fazantstraat;Enschede;Fazantstraat;257725;472932;2019;2;568.0;63.0;14.0;61.0;6.0;5.0
NL:S:43004590;NL:Q:43004590;Hendrik Smeltweg;Enschede;H. Smeltweg;258466;469933;2019;505;59.0;14.0;0.0;295.0;42.0;0.0
NL:S:43004590;NL:Q:43004590;Hendrik Smeltweg;Enschede;H. Smeltweg;258466;469933;2019;802;0.0;0.0;0.0;0.0;0.0;2.0
NL:S:43008050;NL:Q:43008050;Onlandhorst;Enschede;Brakerhorst;259658;472597;2019;6;108.0;18.0;3.0;94.0;16.0;2.0
NL:S:43002220;NL:Q:43002220;Wkc Stroinkslanden;Enschede;Knalhutteweg;258422;468311;2019;4;146.0;20.0;4.0;1711.0;192.0;81.0
NL:S:43002220;NL:Q:43003400;Wkc Stroinkslanden;Enschede;Veldhoflanden;258428;468313;2019;508;5.0;0.0;0.0;55.0;16.0;0.0
NL:S:43002840;NL:Q:43002840;Albert Cuypstraat;Enschede;Elferinksweg;255628;470460;;;;;;;;
NL:S:43002840;NL:Q:43002850;Albert Cuypstraat;Enschede;Elferinksweg;255645;470473;2019;5;125.0;17.0;12.0;1127.0;114.0;80.0
NL:S:43009991;NL:Q:43009991;Centrum/Beltstraat;Enschede;Beltstraat;257963;470977;;;;;;;;
NL:S:43180110;NL:Q:43180110;Prins Bernhardpark;Lonneker;Oldenzaalsestraat;260008;476759;2019;60;0.0;0.0;0.0;3.0;0.0;0.0
NL:S:43180110;NL:Q:43180110;Prins Bernhardpark;Lonneker;Oldenzaalsestraat;260008;476759;2019;62;0.0;0.0;0.0;3.0;4.0;1.0
NL:S:43180110;NL:Q:43180120;Prins Bernhardpark;Lonneker;Oldenzaalsestraat;259948;476640;2019;60;3.0;0.0;0.0;4.0;0.0;0.0
NL:S:43180110;NL:Q:43180120;Prins Bernhardpark;Lonneker;Oldenzaalsestraat;259948;476640;2019;62;8.0;5.0;2.0;0.0;0.0;0.0
NL:S:43006120;NL:Q:43180010;Driesprong;Lonneker;Oldenzaalsestraat;259475;473886;;;;;;;;
NL:S:43006120;NL:Q:43006120;Driesprong;Lonneker;Oldenzaalsestraat;259462;473797;;;;;;;;
NL:S:43100330;NL:Q:43100330;Centrum;Boekelo;Windmolenweg;251541;469436;;;;;;;;
NL:S:43100330;NL:Q:43100340;Centrum;Boekelo;Windmolenweg;251550;469440;;;;;;;;
NL:S:43001200;NL:Q:43001200;Het Achtervoort;Enschede;Voortsweg;258375;473652;2019;2;627.0;65.0;32.0;691.0;72.0;41.0
NL:S:43008230;NL:Q:43008230;Marie de Roodelaan;Enschede;Marie De Roodelaan;255335;470249;;;;;;;;
NL:S:43008230;NL:Q:43008240;Marie de Roodelaan;Enschede;Marie de Roodelaan;255352;470236;2019;5;308.0;23.0;14.0;137.0;17.0;15.0
NL:S:43010140;NL:Q:43010140;Schoolstraat;Glanerbrug;Gronausestraat;263244;470893;2019;3;1770.0;200.0;73.0;1216.0;130.0;61.0
NL:S:43003200;NL:Q:43003200;C. Troostlaan;Enschede;Bruggertstraat;255297;470866;2019;5;332.0;19.0;6.0;252.0;21.0;7.0
NL:S:43005190;NL:Q:43005190;Wooldrik;Enschede;Gronausestraat;259729;471224;2019;3;186.0;21.0;7.0;2483.0;173.0;115.0
NL:S:43005190;NL:Q:43008220;Wooldrik;Enschede;Gronausestraat;259627;471247;2019;3;2440.0;175.0;84.0;150.0;24.0;7.0
NL:S:39017001;NL:Q:39017001;P2 Slagersmatenweg;Boekelo;Slagersmatenweg;253788;467182;;;;;;;;
NL:S:43021790;NL:Q:43021790;Boskamphoek;Enschede;Busbaan;255783;467810;2019;2;8.0;0.0;0.0;620.0;82.0;37.0
NL:S:43021790;NL:Q:43021790;Boskamphoek;Enschede;Busbaan;255783;467810;2019;8;39.0;0.0;0.0;0.0;0.0;0.0
NL:S:43021790;NL:Q:43021800;Boskamphoek;Enschede;Busbaan;255781;467807;2019;2;577.0;69.0;30.0;3.0;2.0;0.0
NL:S:43021790;NL:Q:43021800;Boskamphoek;Enschede;Busbaan;255781;467807;2019;8;22.0;0.0;0.0;12.0;0.0;0.0
NL:S:43110330;NL:Q:43110330;UT/Bastille;Enschede;Campuslaan;254996;473693;2019;1;9.0;0.0;0.0;929.0;0.0;0.0
NL:S:43110330;NL:Q:43110340;UT/Bastille;Enschede;Campuslaan;254979;473691;2019;1;823.0;0.0;0.0;7.0;0.0;0.0
NL:S:43000810;NL:Q:43000810;Beethovenlaan;Enschede;Beethovenlaan;257217;473212;2019;2;255.0;47.0;15.0;262.0;33.0;8.0
NL:S:43001090;NL:Q:43001090;Dr. J. van Damstraat;Enschede;Doctor van Damstraat;257490;472892;2019;2;416.0;43.0;16.0;167.0;30.0;9.0
NL:S:43009990;NL:Q:43009990;Centrum/Koningstraat;Enschede;Koningstraat;257818;470999;;;;;;;;
NL:S:43002070;NL:Q:43002070;Laaressingel;Enschede;Laaressingel;258993;472101;2019;6;18.0;1.0;0.0;714.0;62.0;31.0
NL:S:43002070;NL:Q:43002080;Laaressingel;Enschede;Laaressingel;258992;471972;2019;6;750.0;45.0;13.0;117.0;17.0;5.0
NL:S:43001910;NL:Q:43001910;Wkc Zuid;Enschede;Broekheurne-ring;257136;468040;2019;2;451.0;57.0;10.0;1886.0;212.0;89.0
NL:S:43001910;NL:Q:43001910;Wkc Zuid;Enschede;Broekheurne-ring;257136;468040;2019;8;47.0;0.0;0.0;35.0;0.0;0.0
NL:S:43001910;NL:Q:43001918;Wkc Zuid;Enschede;Wesseler-nering;257242;468157;2019;508;40.0;9.0;0.0;11.0;3.0;0.0
NL:S:43001910;NL:Q:43001920;Wkc Zuid;Enschede;Broekheurne-ring;257198;468005;2019;2;1304.0;165.0;44.0;369.0;60.0;14.0
NL:S:43001910;NL:Q:43001920;Wkc Zuid;Enschede;Broekheurne-ring;257198;468005;2019;8;58.0;0.0;0.0;40.0;0.0;0.0
NL:S:43001970;NL:Q:43001970;Zunabrink;Enschede;Het Bijvank;256752;468331;2019;1;882.0;92.0;36.0;23.0;2.0;0.0
NL:S:43001970;NL:Q:43001980;Zunabrink;Enschede;Het Bijvank;256756;468315;2019;1;39.0;3.0;1.0;706.0;72.0;33.0
NL:S:43003640;NL:Q:43003640;Verwooldslanden;Enschede;Verwooldslanden;258404;468562;2019;4;858.0;102.0;23.0;57.0;4.0;3.0
NL:S:43003680;NL:Q:43003680;Wkc De Posten;Enschede;De Posten;257219;467514;2019;508;7.0;0.0;0.0;6.0;2.0;0.0
NL:S:43001430;NL:Q:43001430;Sparrendaal;Enschede;Broekheurnerrondweg;256778;468931;2019;1;939.0;114.0;40.0;69.0;15.0;3.0
NL:S:43001430;NL:Q:43001440;Sparrendaal;Enschede;Broekheurnerrondweg;256730;468954;2019;1;48.0;12.0;1.0;819.0;124.0;37.0
NL:S:43001870;NL:Q:43001870;Het Leunenberg;Enschede;Het Leunenberg;257050;468333;2019;1;26.0;0.0;1.0;1143.0;143.0;51.0
NL:S:43001870;NL:Q:43001880;Het Leunenberg;Enschede;Het Leunenberg;257057;468352;2019;1;971.0;153.0;35.0;20.0;1.0;1.0
NL:S:43008070;NL:Q:43008070;Wkc Stokhorst;Enschede;Brakerhorst;259812;472457;2019;6;389.0;64.0;12.0;447.0;75.0;22.0
NL:S:43001700;NL:Q:43001700;Broekheurne-Ring;Enschede;De Posten;257266;467966;2019;1;287.0;26.0;5.0;25.0;1.0;2.0
NL:S:43003130;NL:Q:43003130;Zwedeweg;Enschede;Emmastraat;256848;470967;;;;;;;;
NL:S:43003130;NL:Q:43003140;Zwedeweg;Enschede;Emmastraat;256859;470978;;;;;;;;
NL:S:43001930;NL:Q:43001930;De Reulver;Enschede;Buurserstraat;257687;468008;2019;2;64.0;4.0;1.0;1068.0;105.0;47.0
NL:S:43001930;NL:Q:43001930;De Reulver;Enschede;Buurserstraat;257687;468008;2019;8;27.0;0.0;0.0;11.0;0.0;0.0
NL:S:43001930;NL:Q:43001940;De Reulver;Enschede;Buurserstraat;257764;468280;2019;2;795.0;67.0;20.0;55.0;7.0;1.0
NL:S:43001930;NL:Q:43001940;De Reulver;Enschede;Buurserstraat;257764;468280;2019;8;27.0;0.0;0.0;19.0;0.0;0.0
NL:S:43002000;NL:Q:43002000;Hengeveldebrink;Enschede;Geessinkweg;256136;468050;2019;2;508.0;62.0;29.0;20.0;2.0;0.0
NL:S:43002000;NL:Q:43002000;Hengeveldebrink;Enschede;Geessinkweg;256136;468050;2019;8;11.0;0.0;0.0;32.0;0.0;0.0
NL:S:43002000;NL:Q:43021990;Hengeveldebrink;Enschede;Geessinkweg;256102;468007;2019;2;16.0;2.0;0.0;462.0;52.0;27.0
NL:S:43002000;NL:Q:43021990;Hengeveldebrink;Enschede;Geessinkweg;256102;468007;2019;8;54.0;0.0;0.0;3.0;0.0;0.0
NL:S:43002510;NL:Q:43002510;Soendastraat;Enschede;Kuipersdijk;258123;470738;2019;4;164.0;21.0;20.0;347.0;27.0;23.0
NL:S:43002510;NL:Q:43002520;Soendastraat;Enschede;Kuipersdijk;258137;470715;2019;4;183.0;33.0;14.0;137.0;23.0;6.0
NL:S:43005030;NL:Q:43005030;C.F. Klaarstraat;Enschede;Boulevard 1945;258758;470907;2019;3;748.0;153.0;37.0;1655.0;140.0;118.0
NL:S:43005030;NL:Q:43005040;C.F. Klaarstraat;Enschede;Boulevard 1945;258728;470912;2019;3;1304.0;116.0;46.0;558.0;115.0;33.0
NL:S:44105010;NL:Q:44105010;Usselerhofweg;Enschede;NB;253697;469421;2019;506;1.0;0.0;0.0;7.0;0.0;0.0
NL:S:44105010;NL:Q:44105020;Usselerhofweg;Usselo;Boekelosestraat;253832;469348;2019;506;6.0;0.0;0.0;3.0;0.0;0.0
NL:S:43000690;NL:Q:43000690;Jupiterstraat;Enschede;Jupiterstraat;254848;472822;2019;1;99.0;4.0;1.0;1146.0;156.0;82.0
NL:S:43000690;NL:Q:43000700;Jupiterstraat;Enschede;Jupiterstraat;254893;472763;2019;1;1314.0;185.0;66.0;82.0;6.0;0.0
NL:S:44200030;NL:Q:44200030;Zonnebeekweg;Usselo;Haaksbergerstraat;252086;467163;2019;62;0.0;0.0;1.0;30.0;0.0;0.0
NL:S:44200030;NL:Q:44200040;Zonnebeekweg;Usselo;Haaksbergerstraat;252181;467223;2019;62;20.0;0.0;0.0;0.0;0.0;0.0
NL:S:43005550;NL:Q:43005550;Alleeweg;Enschede;Hengelosestraat;256408;472351;;;;;;;;
NL:S:43005550;NL:Q:43005560;Alleeweg;Enschede;Hengelosestraat;256461;472297;;;;;;;;
NL:S:43007120;NL:Q:43007120;Getfertsingel;Enschede;Haaksbergerstraat;257036;470328;2019;62;323.0;63.0;14.0;57.0;12.0;10.0
NL:S:43007120;NL:Q:43007130;Getfertsingel;Enschede;Haaksbergerstraat;257054;470356;2019;62;52.0;10.0;2.0;346.0;44.0;8.0
NL:S:43000050;NL:Q:43000053;MST Haaksbergerstraat;Enschede;Haaksbergerstraat;257681;470933;2019;1;2.0;0.0;0.0;2.0;0.0;0.0
NL:S:43000050;NL:Q:43000060;MST Haaksbergerstraat;Enschede;Haaksbergerstraat;257715;470948;;;;;;;;
NL:S:43000050;NL:Q:43000050;MST Haaksbergerstraat;Enschede;Haaksbergerstraat;257659;470846;2019;1;0.0;0.0;0.0;2.0;0.0;0.0
NL:S:43000050;NL:Q:43000051;MST Haaksbergerstraat;Enschede;Haaksbergerstraat;257682;470936;2019;62;0.0;0.0;0.0;16.0;0.0;0.0
NL:S:43000050;NL:Q:43000052;MST Haaksbergerstraat;Enschede;Haaksbergerstraat;257657;470842;;;;;;;;
NL:S:43001790;NL:Q:43001790;Het Oosterveld;Enschede;Broekheurne-ring;256367;468087;2019;2;88.0;6.0;2.0;1938.0;165.0;62.0
NL:S:43001790;NL:Q:43001790;Het Oosterveld;Enschede;Broekheurne-ring;256367;468087;2019;8;77.0;0.0;0.0;5.0;0.0;0.0
NL:S:43001790;NL:Q:43001800;Het Oosterveld;Enschede;Broekheurne-ring;256382;468066;2019;2;1874.0;158.0;59.0;44.0;2.0;1.0
NL:S:43001790;NL:Q:43001800;Het Oosterveld;Enschede;Broekheurne-ring;256382;468066;2019;8;31.0;0.0;0.0;61.0;0.0;0.0
NL:S:43007200;NL:Q:43007200;Usseler Esch;Usselo;Haaksbergerstraat;254780;469555;2019;62;22.0;1.0;0.0;26.0;0.0;3.0
NL:S:43007200;NL:Q:44100010;Usseler Esch;Usselo;Haaksbergerstraat;254738;469574;2019;62;11.0;2.0;2.0;32.0;4.0;3.0
NL:S:43111290;NL:Q:43111290;UT/De Zul;Enschede;De Zul;255298;473605;2019;1;22.0;0.0;0.0;965.0;0.0;0.0
NL:S:43111290;NL:Q:43111300;UT/De Zul;Enschede;De Zul;255287;473589;2019;1;1082.0;0.0;0.0;56.0;0.0;0.0
NL:S:43000530;NL:Q:43000530;Volkspark;Enschede;Parkweg;257063;471398;2019;1;230.0;20.0;8.0;239.0;29.0;4.0
NL:S:43000530;NL:Q:43000530;Volkspark;Enschede;Parkweg;257063;471398;2019;5;116.0;16.0;8.0;186.0;3.0;8.0
NL:S:43000530;NL:Q:43000530;Volkspark;Enschede;Parkweg;257063;471398;2019;7;0.0;0.0;0.0;5.0;0.0;0.0
NL:S:43000530;NL:Q:43000540;Volkspark;Enschede;Parkweg;257059;471388;2019;1;135.0;7.0;2.0;335.0;30.0;7.0
NL:S:43000530;NL:Q:43000540;Volkspark;Enschede;Parkweg;257059;471388;2019;5;123.0;15.0;5.0;166.0;8.0;6.0
NL:S:43000530;NL:Q:43000540;Volkspark;Enschede;Parkweg;257059;471388;2019;7;49.0;0.0;0.0;4.0;0.0;0.0
NL:S:43002650;NL:Q:43002650;Padangstraat;Enschede;Brinkstraat;259104;470073;2019;505;89.0;10.0;0.0;65.0;8.0;0.0
NL:S:44100070;NL:Q:44100070;Crematorium;Usselo;Haaksbergerstraat;253438;468324;2019;62;7.0;1.0;1.0;80.0;4.0;4.0
NL:S:44100070;NL:Q:44100080;Crematorium;Enschede;Haaksbergerstraat;253721;468260;2019;62;129.0;8.0;5.0;19.0;3.0;0.0
NL:S:43100350;NL:Q:43100355;Windmolenweg/Centrum;Boekelo;Beckumerstraat;251484;469370;2019;506;0.0;0.0;0.0;89.0;8.0;0.0
NL:S:43100350;NL:Q:43100350;Windmolenweg/Centrum;Boekelo;Beckumerstraat;251410;469340;2019;506;83.0;10.0;0.0;0.0;0.0;0.0
NL:S:43004310;NL:Q:43004310;De Hoeveler;Enschede;Twekkeler Es;254157;471496;2019;7;6.0;0.0;0.0;101.0;0.0;0.0
NL:S:43004310;NL:Q:43004310;De Hoeveler;Enschede;Twekkeler Es;254157;471496;2019;8;11.0;0.0;0.0;7.0;0.0;0.0
NL:S:43004310;NL:Q:43004320;De Hoeveler;Enschede;Twekkeler Es;254166;471492;2019;7;85.0;0.0;0.0;4.0;0.0;0.0
NL:S:43004310;NL:Q:43004320;De Hoeveler;Enschede;Twekkeler Es;254166;471492;2019;8;0.0;0.0;0.0;8.0;0.0;0.0
NL:S:43021870;NL:Q:43021870;Wkc Helmerhoek;Enschede;Busbaan;255336;468325;2019;2;12.0;3.0;2.0;1650.0;220.0;70.0
NL:S:43021870;NL:Q:43021870;Wkc Helmerhoek;Enschede;Busbaan;255336;468325;2019;8;196.0;0.0;0.0;10.0;0.0;0.0
NL:S:43021870;NL:Q:43021880;Wkc Helmerhoek;Enschede;Busbaan;255325;468312;2019;2;1508.0;217.0;66.0;11.0;0.0;0.0
NL:S:43021870;NL:Q:43021880;Wkc Helmerhoek;Enschede;Busbaan;255325;468312;2019;8;54.0;0.0;0.0;124.0;0.0;0.0
NL:S:43100780;NL:Q:43100780;Henry Dunantlaan;Boekelo;Dirk Papestraat;251661;469162;2019;506;7.0;1.0;0.0;65.0;3.0;0.0
NL:S:43003870;NL:Q:43003870;Buurserstraat;Enschede;Broekheurne-ring;257455;468000;2019;2;56.0;4.0;0.0;1276.0;87.0;40.0
NL:S:43003870;NL:Q:43003870;Buurserstraat;Enschede;Broekheurne-ring;257455;468000;2019;8;40.0;0.0;0.0;6.0;0.0;0.0
NL:S:43003870;NL:Q:43003880;Buurserstraat;Enschede;Broekheurne-ring;257507;467967;2019;2;1741.0;142.0;52.0;61.0;6.0;2.0
NL:S:43003870;NL:Q:43003880;Buurserstraat;Enschede;Broekheurne-ring;257507;467967;2019;8;40.0;0.0;0.0;13.0;0.0;0.0
NL:S:43110310;NL:Q:43110310;UT/Hallenweg;Enschede;Hallenweg;255163;473294;2019;1;92.0;0.0;0.0;1785.0;0.0;0.0
NL:S:43110310;NL:Q:43110320;UT/Hallenweg;Enschede;Hallenweg;255163;473291;2019;1;1981.0;0.0;0.0;111.0;0.0;0.0
NL:S:43002600;NL:Q:43002600;Aquadrome;Enschede;Kuipersdijk;258083;469961;2019;4;2206.0;92.0;41.0;402.0;26.0;6.0
NL:S:43002600;NL:Q:43002601;Aquadrome;Enschede;Kuipersdijk;258080;469964;2019;4;277.0;21.0;7.0;2570.0;131.0;47.0
NL:S:43010220;NL:Q:43010220;Tolstraat;Glanerbrug;Tolstraat;263467;470798;2019;3;1404.0;133.0;32.0;1660.0;153.0;63.0
NL:S:43000195;NL:Q:43000195;Wkc Stadsveld;Enschede;Jan van Goyenstraat;255794;470133;2019;5;1527.0;196.0;73.0;466.0;54.0;12.0
NL:S:43000300;NL:Q:43000300;Horstlindelaan;Enschede;Horstlindelaan;257037;473652;2019;2;124.0;11.0;5.0;201.0;24.0;12.0
NL:S:43001850;NL:Q:43001850;P+R Zuiderval;Enschede;Zuiderval;257748;469460;2019;2;885.0;57.0;14.0;1269.0;170.0;42.0
NL:S:43001850;NL:Q:43001850;P+R Zuiderval;Enschede;Zuiderval;257748;469460;2019;8;24.0;0.0;0.0;87.0;0.0;0.0
NL:S:43001850;NL:Q:43001850;P+R Zuiderval;Enschede;Zuiderval;257748;469460;2019;802;0.0;0.0;4.0;1.0;0.0;4.0
NL:S:43001850;NL:Q:43001860;P+R Zuiderval;Enschede;Zuiderval;257754;469484;2019;2;1083.0;180.0;35.0;968.0;55.0;16.0
NL:S:43001850;NL:Q:43001860;P+R Zuiderval;Enschede;Zuiderval;257754;469484;2019;8;74.0;0.0;0.0;17.0;0.0;0.0
NL:S:43001850;NL:Q:43001860;P+R Zuiderval;Enschede;Zuiderval;257754;469484;2019;802;1.0;0.0;16.0;1.0;0.0;2.0
NL:S:43100410;NL:Q:43100410;Marcellinuskerk;Boekelo;Beckumerstraat;250939;469377;2019;506;84.0;3.0;0.0;75.0;1.0;0.0
NL:S:43100410;NL:Q:43100420;Marcellinuskerk;Boekelo;Beckumerstraat;250964;469378;;;;;;;;
NL:S:43004450;NL:Q:43004450;Kanaalstraat;Enschede;Kanaalstraat;254540;472570;2019;7;1.0;0.0;0.0;14.0;0.0;0.0
NL:S:43004450;NL:Q:43004460;Kanaalstraat;Enschede;Kanaalstraat;254559;472537;2019;7;9.0;0.0;0.0;6.0;0.0;0.0
NL:S:43001050;NL:Q:43001050;Boddenkamp;Enschede;Hengelosestraat;257527;471783;2019;2;181.0;10.0;8.0;105.0;39.0;3.0
NL:S:43001050;NL:Q:43001050;Boddenkamp;Enschede;Hengelosestraat;257527;471783;2019;60;133.0;0.0;0.0;8.0;0.0;0.0
NL:S:43001050;NL:Q:43001050;Boddenkamp;Enschede;Hengelosestraat;257527;471783;2019;61;590.0;5.0;3.0;17.0;0.0;0.0
NL:S:43001050;NL:Q:43001050;Boddenkamp;Enschede;Hengelosestraat;257527;471783;2019;62;210.0;11.0;2.0;26.0;6.0;6.0
NL:S:43001050;NL:Q:43001060;Boddenkamp;Enschede;Hengelosestraat;257514;471752;2019;2;67.0;12.0;1.0;265.0;15.0;9.0
NL:S:43001050;NL:Q:43001060;Boddenkamp;Enschede;Hengelosestraat;257514;471752;2019;60;13.0;0.0;0.0;135.0;0.0;0.0
NL:S:43001050;NL:Q:43001060;Boddenkamp;Enschede;Hengelosestraat;257514;471752;2019;61;51.0;3.0;4.0;254.0;12.0;2.0
NL:S:43001050;NL:Q:43001060;Boddenkamp;Enschede;Hengelosestraat;257514;471752;2019;62;40.0;1.0;1.0;744.0;29.0;12.0
NL:S:43003570;NL:Q:43003570;Schabbinklanden;Enschede;Knalhutteweg;258254;468676;2019;4;23.0;0.0;3.0;1040.0;118.0;54.0
NL:S:43003570;NL:Q:43003580;Schabbinklanden;Enschede;Knalhutteweg;258249;468731;2019;4;817.0;64.0;44.0;10.0;1.0;0.0
NL:S:43009992;NL:Q:43009992;Centrum/Burg. Bergsmalaan;Enschede;Burg. Edo Bergsmalaan;258046;470883;;;;;;;;
NL:S:43009992;NL:Q:43009993;Centrum/Burg. Bergsmalaan;Enschede;Burg. Edo Bergsmalaan;258051;470876;;;;;;;;
NL:S:43010240;NL:Q:43010240;Symfoniestraat;Glanerbrug;Ouverturestraat;263521;470413;2019;3;1603.0;117.0;57.0;1459.0;129.0;53.0
